env_steps,mean_return,std_return,wallclock_s
1,-1241.208357787456,130.76686903022912,14.88083529472351
1001,-119.56425126499053,2.690239682694444,90.71347689628601
2001,-119.69336064681306,2.9881278145335033,164.12600350379944
3001,-120.56685752823398,3.265979966137686,238.2503695487976
4001,-120.5491377706823,3.124753668163775,309.1107850074768
5001,-120.5438428851684,3.0408813168658417,381.4940228462219
6001,-120.56284647415073,3.0872369280062144,453.2435281276703
7001,-120.62402194446724,2.9751390191552924,528.1740214824677
8001,-120.80873147234828,3.054232516267504,601.7999680042267
9001,-120.80843351304736,3.076997566153853,679.6999917030334
10001,-121.1764633027969,3.1682825322093584,754.5275301933289
11001,-120.9814256278463,2.8227111047002382,834.6597878932953
12001,-121.44190698050647,2.869681554566323,912.5914385318756
13001,-121.28933253979145,2.841740434050664,989.6240527629852
14001,-121.07832378643397,2.820209970964728,1067.7231545448303
15001,-121.32499043194225,2.853074860942503,1151.0652530193329
16001,-121.27349645469005,3.071666169237169,1235.9298083782196
17001,-121.07154571462027,3.0470544436666778,1316.8535492420197
18001,-121.17497783681499,3.1001641175054355,1398.5932755470276
19001,-121.2111911906699,3.0769817405201074,1480.572865486145
20000,-121.27729144681905,3.0127638461094803,1554.4636948108673
