env_steps,mean_return,std_return,wallclock_s
75,0.021076143054357416,0.8574484763766476,607.8077936172485
100,0.021076143054357416,0.8574484763766476,2324.408862352371
125,0.021076143054357416,0.8574484763766476,3855.548120498657
150,0.021076143054357416,0.8574484763766476,4461.1442329883575
175,0.021076143054357416,0.8574484763766476,5068.410532712936
200,0.021076143054357416,0.8574484763766476,5675.5325310230255
