env_steps,mean_return,std_return,wallclock_s
160,-1263.031277862554,227.01836408087857,61.4484007358551
200,-1829.9948675625676,64.58987293166348,166.47733116149902
240,-1654.8131013534412,197.9406845761092,262.6175992488861
280,-1748.461558071808,103.45976949887185,358.28459000587463
320,-1677.8882139938712,173.27282250239145,455.2600932121277
360,-1744.8383088718126,195.95963575822464,551.4858889579773
400,-1665.1764442411802,241.18420782364055,648.0237600803375
