env_steps,mean_return,std_return,wallclock_s
75,-0.20305460624539395,0.2921381205223738,579.3738758563995
100,-0.20305460624539395,0.2921381205223738,2148.043706178665
125,-0.20305460624539395,0.2921381205223738,3480.952493906021
150,-0.20305460624539395,0.2921381205223738,4475.664693117142
175,-0.20305460624539395,0.2921381205223738,5411.580791711807
200,-0.20305460624539395,0.2921381205223738,6145.1133506298065
