env_steps,mean_return,std_return,wallclock_s
160,-1293.4654714243068,321.7817434497416,45.250678062438965
200,-1764.8402120458143,102.8116909163259,124.59878945350647
240,-1756.7460768458513,104.01556418967891,199.18401265144348
280,-1733.2821060609906,101.52668184271961,272.9771161079407
320,-1728.834407680526,100.62744090972309,346.5186047554016
360,-1725.443803070338,101.77397880312404,421.22317910194397
400,-1715.6158983700864,102.38871517423688,495.9984362125397
