env_steps,mean_return,std_return,wallclock_s
160,-1121.9315814237605,121.75994803303021,44.06726861000061
200,-1667.7367614111415,56.47343854513104,123.868825674057
240,-1604.4010552228117,150.41565943004457,196.58226776123047
280,-1485.568142227254,137.52166727160423,271.801527261734
320,-1498.4263717143501,150.22864048349706,345.3728904724121
360,-1442.2851719845241,150.80552503815437,419.3525319099426
400,-1391.331376487282,208.52988937805483,494.15831661224365
