env_steps,mean_return,std_return,wallclock_s
75,-0.3345115581143097,0.4948117647625851,574.7652428150177
100,-0.3345115581143097,0.4948117647625851,2244.138326883316
125,-0.3345115581143097,0.4948117647625851,3838.407334089279
150,-0.3345115581143097,0.4948117647625851,5138.797572135925
175,-0.3345115581143097,0.4948117647625851,6273.403089284897
200,-0.3345115581143097,0.4948117647625851,7129.579648256302
